[
{
  "model": "course.learnword",
  "pk": 1,
  "fields": {
    "skill": 2,
    "meaningInSourceLanguage": "dog",
    "formInTargetLanguage": "perro",
    "meaningInSourceLanguage2": "the dog",
    "formInTargetLanguage2": "el perro",
    "image1": "dog1",
    "image2": "dog2",
    "image3": "dog3"
  }
},
{
  "model": "course.learnword",
  "pk": 2,
  "fields": {
    "skill": 2,
    "meaningInSourceLanguage": "cat",
    "formInTargetLanguage": "gato",
    "meaningInSourceLanguage2": "the cat",
    "formInTargetLanguage2": "el gato",
    "image1": "cat1",
    "image2": "cat2",
    "image3": "cat3"
  }
},
{
  "model": "course.learnword",
  "pk": 3,
  "fields": {
    "skill": 2,
    "meaningInSourceLanguage": "bear",
    "formInTargetLanguage": "oso",
    "meaningInSourceLanguage2": "a bear",
    "formInTargetLanguage2": "un oso",
    "image1": "bear1",
    "image2": "bear2",
    "image3": "bear1"
  }
},
{
  "model": "course.learnword",
  "pk": 4,
  "fields": {
    "skill": 2,
    "meaningInSourceLanguage": "lion",
    "formInTargetLanguage": "le\u00f3n",
    "meaningInSourceLanguage2": "",
    "formInTargetLanguage2": "",
    "image1": "lion1",
    "image2": "lion2",
    "image3": "lion3"
  }
},
{
  "model": "course.learnword",
  "pk": 5,
  "fields": {
    "skill": 2,
    "meaningInSourceLanguage": "duck",
    "formInTargetLanguage": "pato",
    "meaningInSourceLanguage2": "",
    "formInTargetLanguage2": "",
    "image1": "duck2",
    "image2": "duck1",
    "image3": "duck3"
  }
},
{
  "model": "course.learnword",
  "pk": 11,
  "fields": {
    "skill": 1,
    "meaningInSourceLanguage": "bread",
    "formInTargetLanguage": "pan",
    "meaningInSourceLanguage2": "",
    "formInTargetLanguage2": "",
    "image1": "bread1",
    "image2": "bread2",
    "image3": "bread3"
  }
},
{
  "model": "course.learnword",
  "pk": 12,
  "fields": {
    "skill": 1,
    "meaningInSourceLanguage": "milk",
    "formInTargetLanguage": "leche",
    "meaningInSourceLanguage2": "",
    "formInTargetLanguage2": "",
    "image1": "milk1",
    "image2": "milk2",
    "image3": "milk3"
  }
},
{
  "model": "course.learnword",
  "pk": 13,
  "fields": {
    "skill": 1,
    "meaningInSourceLanguage": "pasta",
    "formInTargetLanguage": "pasta",
    "meaningInSourceLanguage2": "",
    "formInTargetLanguage2": "",
    "image1": "pasta1",
    "image2": "pasta2",
    "image3": "pasta3"
  }
},
{
  "model": "course.learnword",
  "pk": 14,
  "fields": {
    "skill": 1,
    "meaningInSourceLanguage": "couple",
    "formInTargetLanguage": "pareja",
    "meaningInSourceLanguage2": "",
    "formInTargetLanguage2": "",
    "image1": "couple1",
    "image2": "couple2",
    "image3": "couple3"
  }
},
{
  "model": "course.learnword",
  "pk": 15,
  "fields": {
    "skill": 2,
    "meaningInSourceLanguage": "horse",
    "formInTargetLanguage": "caballo",
    "meaningInSourceLanguage2": "",
    "formInTargetLanguage2": "",
    "image1": "horse1",
    "image2": "horse2",
    "image3": "horse3"
  }
},
{
  "model": "course.learnword",
  "pk": 19,
  "fields": {
    "skill": 3,
    "meaningInSourceLanguage": "The shirt",
    "formInTargetLanguage": "Das Hemd",
    "meaningInSourceLanguage2": "",
    "formInTargetLanguage2": "",
    "image1": "shirt1",
    "image2": "shirt2",
    "image3": "shirt3"
  }
},
{
  "model": "course.learnword",
  "pk": 20,
  "fields": {
    "skill": 3,
    "meaningInSourceLanguage": "The dress",
    "formInTargetLanguage": "Das Kleid",
    "meaningInSourceLanguage2": "",
    "formInTargetLanguage2": "",
    "image1": "dress1",
    "image2": "dress3",
    "image3": "dress2"
  }
},
{
  "model": "course.learnword",
  "pk": 21,
  "fields": {
    "skill": 3,
    "meaningInSourceLanguage": "The trousers",
    "formInTargetLanguage": "Die Hose",
    "meaningInSourceLanguage2": "",
    "formInTargetLanguage2": "",
    "image1": "trousers1",
    "image2": "trousers2",
    "image3": "trousers3"
  }
},
{
  "model": "course.learnword",
  "pk": 22,
  "fields": {
    "skill": 4,
    "meaningInSourceLanguage": "The pineapple",
    "formInTargetLanguage": "Die Ananas",
    "meaningInSourceLanguage2": "",
    "formInTargetLanguage2": "",
    "image1": "pineapple1",
    "image2": "pineapple2",
    "image3": "pineapple3"
  }
},
{
  "model": "course.learnword",
  "pk": 23,
  "fields": {
    "skill": 4,
    "meaningInSourceLanguage": "The banana",
    "formInTargetLanguage": "Die Banane",
    "meaningInSourceLanguage2": "",
    "formInTargetLanguage2": "",
    "image1": "banana1",
    "image2": "banana2",
    "image3": "banana3"
  }
},
{
  "model": "course.learnword",
  "pk": 24,
  "fields": {
    "skill": 4,
    "meaningInSourceLanguage": "The strawberry",
    "formInTargetLanguage": "Die Erdbeere",
    "meaningInSourceLanguage2": "",
    "formInTargetLanguage2": "",
    "image1": "strawberry1",
    "image2": "strawberry2",
    "image3": "strawberry3"
  }
},
{
  "model": "course.learnword",
  "pk": 25,
  "fields": {
    "skill": 5,
    "meaningInSourceLanguage": "The sky",
    "formInTargetLanguage": "Der Himmel",
    "meaningInSourceLanguage2": "",
    "formInTargetLanguage2": "",
    "image1": "sky1",
    "image2": "sky2",
    "image3": "sky3"
  }
},
{
  "model": "course.learnword",
  "pk": 26,
  "fields": {
    "skill": 5,
    "meaningInSourceLanguage": "The sun",
    "formInTargetLanguage": "Die Sonne",
    "meaningInSourceLanguage2": "",
    "formInTargetLanguage2": "",
    "image1": "sun1",
    "image2": "sun2",
    "image3": "sun3"
  }
},
{
  "model": "course.learnword",
  "pk": 27,
  "fields": {
    "skill": 5,
    "meaningInSourceLanguage": "The rock",
    "formInTargetLanguage": "Der Stein",
    "meaningInSourceLanguage2": "",
    "formInTargetLanguage2": "",
    "image1": "rock1",
    "image2": "rock2",
    "image3": "rock3"
  }
},
{
  "model": "course.learnword",
  "pk": 28,
  "fields": {
    "skill": 5,
    "meaningInSourceLanguage": "The river",
    "formInTargetLanguage": "Der Fluss",
    "meaningInSourceLanguage2": "",
    "formInTargetLanguage2": "",
    "image1": "river1",
    "image2": "river2",
    "image3": "river3"
  }
},
{
  "model": "course.learnword",
  "pk": 29,
  "fields": {
    "skill": 5,
    "meaningInSourceLanguage": "The sea",
    "formInTargetLanguage": "Das Meer",
    "meaningInSourceLanguage2": "",
    "formInTargetLanguage2": "",
    "image1": "sea1",
    "image2": "sea2",
    "image3": "sea3"
  }
},
{
  "model": "course.learnword",
  "pk": 30,
  "fields": {
    "skill": 5,
    "meaningInSourceLanguage": "The tree",
    "formInTargetLanguage": "Der Baum",
    "meaningInSourceLanguage2": "",
    "formInTargetLanguage2": "",
    "image1": "tree1",
    "image2": "tree2",
    "image3": "tree3"
  }
},
{
  "model": "course.learnword",
  "pk": 31,
  "fields": {
    "skill": 5,
    "meaningInSourceLanguage": "The mountain",
    "formInTargetLanguage": "Der Berg",
    "meaningInSourceLanguage2": "",
    "formInTargetLanguage2": "",
    "image1": "mountain1",
    "image2": "mountain2",
    "image3": "mountain3"
  }
},
{
  "model": "course.learnword",
  "pk": 32,
  "fields": {
    "skill": 5,
    "meaningInSourceLanguage": "The lake",
    "formInTargetLanguage": "Der See",
    "meaningInSourceLanguage2": "",
    "formInTargetLanguage2": "",
    "image1": "lake1",
    "image2": "lake2",
    "image3": "lake3"
  }
},
{
  "model": "course.learnword",
  "pk": 33,
  "fields": {
    "skill": 7,
    "meaningInSourceLanguage": "dress",
    "formInTargetLanguage": "vestido",
    "meaningInSourceLanguage2": "",
    "formInTargetLanguage2": "",
    "image1": "dress2",
    "image2": "dress3",
    "image3": "dress1"
  }
},
{
  "model": "course.learnword",
  "pk": 34,
  "fields": {
    "skill": 7,
    "meaningInSourceLanguage": "t-shirt",
    "formInTargetLanguage": "camiseta",
    "meaningInSourceLanguage2": "",
    "formInTargetLanguage2": "",
    "image1": "t-shirt1",
    "image2": "t-shirt3",
    "image3": "t-shirt2"
  }
},
{
  "model": "course.learnword",
  "pk": 35,
  "fields": {
    "skill": 7,
    "meaningInSourceLanguage": "hat",
    "formInTargetLanguage": "gorro",
    "meaningInSourceLanguage2": "",
    "formInTargetLanguage2": "",
    "image1": "hat1",
    "image2": "hat2",
    "image3": "hat3"
  }
},
{
  "model": "course.learnword",
  "pk": 36,
  "fields": {
    "skill": 7,
    "meaningInSourceLanguage": "shoes",
    "formInTargetLanguage": "zapatos",
    "meaningInSourceLanguage2": "",
    "formInTargetLanguage2": "",
    "image1": "shoes3",
    "image2": "shoes2",
    "image3": "shoes1"
  }
},
{
  "model": "course.learnword",
  "pk": 37,
  "fields": {
    "skill": 7,
    "meaningInSourceLanguage": "shirt",
    "formInTargetLanguage": "camisa",
    "meaningInSourceLanguage2": "",
    "formInTargetLanguage2": "",
    "image1": "shirt1",
    "image2": "shirt3",
    "image3": "shirt2"
  }
},
{
  "model": "course.learnword",
  "pk": 38,
  "fields": {
    "skill": 7,
    "meaningInSourceLanguage": "skirt",
    "formInTargetLanguage": "falda",
    "meaningInSourceLanguage2": "",
    "formInTargetLanguage2": "",
    "image1": "skirt1",
    "image2": "skirt2",
    "image3": "skirt3"
  }
},
{
  "model": "course.learnword",
  "pk": 39,
  "fields": {
    "skill": 7,
    "meaningInSourceLanguage": "socks",
    "formInTargetLanguage": "calcetines",
    "meaningInSourceLanguage2": "",
    "formInTargetLanguage2": "",
    "image1": "socks2",
    "image2": "socks1",
    "image3": "socks3"
  }
},
{
  "model": "course.learnword",
  "pk": 40,
  "fields": {
    "skill": 8,
    "meaningInSourceLanguage": "sky",
    "formInTargetLanguage": "cielo",
    "meaningInSourceLanguage2": "",
    "formInTargetLanguage2": "",
    "image1": "sky1",
    "image2": "sky2",
    "image3": "sky3"
  }
},
{
  "model": "course.learnword",
  "pk": 41,
  "fields": {
    "skill": 8,
    "meaningInSourceLanguage": "river",
    "formInTargetLanguage": "r\u00edo",
    "meaningInSourceLanguage2": "",
    "formInTargetLanguage2": "",
    "image1": "river1",
    "image2": "river2",
    "image3": "river3"
  }
},
{
  "model": "course.learnword",
  "pk": 42,
  "fields": {
    "skill": 8,
    "meaningInSourceLanguage": "sun",
    "formInTargetLanguage": "sol",
    "meaningInSourceLanguage2": "",
    "formInTargetLanguage2": "",
    "image1": "sun1",
    "image2": "sun2",
    "image3": "sun3"
  }
},
{
  "model": "course.learnword",
  "pk": 43,
  "fields": {
    "skill": 8,
    "meaningInSourceLanguage": "sea",
    "formInTargetLanguage": "mar",
    "meaningInSourceLanguage2": "",
    "formInTargetLanguage2": "",
    "image1": "sea1",
    "image2": "sea2",
    "image3": "sea3"
  }
},
{
  "model": "course.learnword",
  "pk": 44,
  "fields": {
    "skill": 8,
    "meaningInSourceLanguage": "mountain",
    "formInTargetLanguage": "monta\u00f1a",
    "meaningInSourceLanguage2": "",
    "formInTargetLanguage2": "",
    "image1": "mountain1",
    "image2": "mountain2",
    "image3": "mountain3"
  }
},
{
  "model": "course.learnword",
  "pk": 45,
  "fields": {
    "skill": 8,
    "meaningInSourceLanguage": "lake",
    "formInTargetLanguage": "lago",
    "meaningInSourceLanguage2": "",
    "formInTargetLanguage2": "",
    "image1": "lake1",
    "image2": "lake2",
    "image3": "lake3"
  }
},
{
  "model": "course.learnword",
  "pk": 46,
  "fields": {
    "skill": 8,
    "meaningInSourceLanguage": "beach",
    "formInTargetLanguage": "playa",
    "meaningInSourceLanguage2": "",
    "formInTargetLanguage2": "",
    "image1": "beach1",
    "image2": "beach2",
    "image3": "beach3"
  }
},
{
  "model": "course.dictionaryitem",
  "pk": 1,
  "fields": {
    "course": 1,
    "reverse": false,
    "word": "le\u00f3n",
    "definition": "lion"
  }
},
{
  "model": "course.dictionaryitem",
  "pk": 2,
  "fields": {
    "course": 1,
    "reverse": true,
    "word": "lion",
    "definition": "le\u00f3n"
  }
},
{
  "model": "course.dictionaryitem",
  "pk": 3,
  "fields": {
    "course": 1,
    "reverse": false,
    "word": "pato",
    "definition": "duck"
  }
},
{
  "model": "course.dictionaryitem",
  "pk": 4,
  "fields": {
    "course": 1,
    "reverse": true,
    "word": "duck",
    "definition": "pato"
  }
},
{
  "model": "course.dictionaryitem",
  "pk": 5,
  "fields": {
    "course": 1,
    "reverse": false,
    "word": "pan",
    "definition": "bread"
  }
},
{
  "model": "course.dictionaryitem",
  "pk": 6,
  "fields": {
    "course": 1,
    "reverse": true,
    "word": "bread",
    "definition": "pan"
  }
},
{
  "model": "course.dictionaryitem",
  "pk": 7,
  "fields": {
    "course": 1,
    "reverse": false,
    "word": "leche",
    "definition": "milk"
  }
},
{
  "model": "course.dictionaryitem",
  "pk": 8,
  "fields": {
    "course": 1,
    "reverse": true,
    "word": "milk",
    "definition": "leche"
  }
},
{
  "model": "course.dictionaryitem",
  "pk": 9,
  "fields": {
    "course": 1,
    "reverse": false,
    "word": "pasta",
    "definition": "pasta"
  }
},
{
  "model": "course.dictionaryitem",
  "pk": 10,
  "fields": {
    "course": 1,
    "reverse": true,
    "word": "pasta",
    "definition": "pasta"
  }
},
{
  "model": "course.dictionaryitem",
  "pk": 11,
  "fields": {
    "course": 1,
    "reverse": false,
    "word": "pareja",
    "definition": "couple"
  }
},
{
  "model": "course.dictionaryitem",
  "pk": 12,
  "fields": {
    "course": 1,
    "reverse": true,
    "word": "couple",
    "definition": "pareja"
  }
},
{
  "model": "course.dictionaryitem",
  "pk": 13,
  "fields": {
    "course": 1,
    "reverse": false,
    "word": "caballo",
    "definition": "horse"
  }
},
{
  "model": "course.dictionaryitem",
  "pk": 14,
  "fields": {
    "course": 1,
    "reverse": true,
    "word": "horse",
    "definition": "caballo"
  }
},
{
  "model": "course.dictionaryitem",
  "pk": 15,
  "fields": {
    "course": 2,
    "reverse": false,
    "word": "Das",
    "definition": "The shirt"
  }
},
{
  "model": "course.dictionaryitem",
  "pk": 16,
  "fields": {
    "course": 2,
    "reverse": false,
    "word": "Hemd",
    "definition": "The shirt"
  }
},
{
  "model": "course.dictionaryitem",
  "pk": 17,
  "fields": {
    "course": 2,
    "reverse": true,
    "word": "The",
    "definition": "Das Hemd"
  }
},
{
  "model": "course.dictionaryitem",
  "pk": 18,
  "fields": {
    "course": 2,
    "reverse": true,
    "word": "shirt",
    "definition": "Das Hemd"
  }
},
{
  "model": "course.dictionaryitem",
  "pk": 19,
  "fields": {
    "course": 2,
    "reverse": false,
    "word": "Kleid",
    "definition": "The dress"
  }
},
{
  "model": "course.dictionaryitem",
  "pk": 20,
  "fields": {
    "course": 2,
    "reverse": true,
    "word": "dress",
    "definition": "Das Kleid"
  }
},
{
  "model": "course.dictionaryitem",
  "pk": 21,
  "fields": {
    "course": 2,
    "reverse": false,
    "word": "Die",
    "definition": "The trousers"
  }
},
{
  "model": "course.dictionaryitem",
  "pk": 22,
  "fields": {
    "course": 2,
    "reverse": false,
    "word": "Hose",
    "definition": "The trousers"
  }
},
{
  "model": "course.dictionaryitem",
  "pk": 23,
  "fields": {
    "course": 2,
    "reverse": true,
    "word": "trousers",
    "definition": "Die Hose"
  }
},
{
  "model": "course.dictionaryitem",
  "pk": 24,
  "fields": {
    "course": 2,
    "reverse": false,
    "word": "Ananas",
    "definition": "The pineapple"
  }
},
{
  "model": "course.dictionaryitem",
  "pk": 25,
  "fields": {
    "course": 2,
    "reverse": true,
    "word": "pineapple",
    "definition": "Die Ananas"
  }
},
{
  "model": "course.dictionaryitem",
  "pk": 26,
  "fields": {
    "course": 2,
    "reverse": false,
    "word": "Banane",
    "definition": "The banana"
  }
},
{
  "model": "course.dictionaryitem",
  "pk": 27,
  "fields": {
    "course": 2,
    "reverse": true,
    "word": "banana",
    "definition": "Die Banane"
  }
},
{
  "model": "course.dictionaryitem",
  "pk": 28,
  "fields": {
    "course": 2,
    "reverse": false,
    "word": "Erdbeere",
    "definition": "The strawberry"
  }
},
{
  "model": "course.dictionaryitem",
  "pk": 29,
  "fields": {
    "course": 2,
    "reverse": true,
    "word": "strawberry",
    "definition": "Die Erdbeere"
  }
},
{
  "model": "course.dictionaryitem",
  "pk": 30,
  "fields": {
    "course": 2,
    "reverse": false,
    "word": "Der",
    "definition": "The sky"
  }
},
{
  "model": "course.dictionaryitem",
  "pk": 31,
  "fields": {
    "course": 2,
    "reverse": false,
    "word": "Himmel",
    "definition": "The sky"
  }
},
{
  "model": "course.dictionaryitem",
  "pk": 32,
  "fields": {
    "course": 2,
    "reverse": true,
    "word": "sky",
    "definition": "Der Himmel"
  }
},
{
  "model": "course.dictionaryitem",
  "pk": 33,
  "fields": {
    "course": 2,
    "reverse": false,
    "word": "Sonne",
    "definition": "The sun"
  }
},
{
  "model": "course.dictionaryitem",
  "pk": 34,
  "fields": {
    "course": 2,
    "reverse": true,
    "word": "sun",
    "definition": "Die Sonne"
  }
},
{
  "model": "course.dictionaryitem",
  "pk": 35,
  "fields": {
    "course": 2,
    "reverse": false,
    "word": "Stein",
    "definition": "The rock"
  }
},
{
  "model": "course.dictionaryitem",
  "pk": 36,
  "fields": {
    "course": 2,
    "reverse": true,
    "word": "rock",
    "definition": "Der Stein"
  }
},
{
  "model": "course.dictionaryitem",
  "pk": 37,
  "fields": {
    "course": 2,
    "reverse": false,
    "word": "Fluss",
    "definition": "The river"
  }
},
{
  "model": "course.dictionaryitem",
  "pk": 38,
  "fields": {
    "course": 2,
    "reverse": true,
    "word": "river",
    "definition": "Der Fluss"
  }
},
{
  "model": "course.dictionaryitem",
  "pk": 39,
  "fields": {
    "course": 2,
    "reverse": false,
    "word": "Meer",
    "definition": "The sea"
  }
},
{
  "model": "course.dictionaryitem",
  "pk": 40,
  "fields": {
    "course": 2,
    "reverse": true,
    "word": "sea",
    "definition": "Das Meer"
  }
},
{
  "model": "course.dictionaryitem",
  "pk": 41,
  "fields": {
    "course": 2,
    "reverse": false,
    "word": "Baum",
    "definition": "The tree"
  }
},
{
  "model": "course.dictionaryitem",
  "pk": 42,
  "fields": {
    "course": 2,
    "reverse": true,
    "word": "tree",
    "definition": "Der Baum"
  }
},
{
  "model": "course.dictionaryitem",
  "pk": 43,
  "fields": {
    "course": 2,
    "reverse": false,
    "word": "Berg",
    "definition": "The mountain"
  }
},
{
  "model": "course.dictionaryitem",
  "pk": 44,
  "fields": {
    "course": 2,
    "reverse": true,
    "word": "mountain",
    "definition": "Der Berg"
  }
},
{
  "model": "course.dictionaryitem",
  "pk": 45,
  "fields": {
    "course": 2,
    "reverse": false,
    "word": "See",
    "definition": "The lake"
  }
},
{
  "model": "course.dictionaryitem",
  "pk": 46,
  "fields": {
    "course": 2,
    "reverse": true,
    "word": "lake",
    "definition": "Der See"
  }
},
{
  "model": "course.dictionaryitem",
  "pk": 47,
  "fields": {
    "course": 1,
    "reverse": false,
    "word": "vestido",
    "definition": "dress"
  }
},
{
  "model": "course.dictionaryitem",
  "pk": 48,
  "fields": {
    "course": 1,
    "reverse": true,
    "word": "dress",
    "definition": "vestido"
  }
},
{
  "model": "course.dictionaryitem",
  "pk": 49,
  "fields": {
    "course": 1,
    "reverse": false,
    "word": "camiseta",
    "definition": "t-shirt"
  }
},
{
  "model": "course.dictionaryitem",
  "pk": 50,
  "fields": {
    "course": 1,
    "reverse": true,
    "word": "t-shirt",
    "definition": "camiseta"
  }
},
{
  "model": "course.dictionaryitem",
  "pk": 51,
  "fields": {
    "course": 1,
    "reverse": false,
    "word": "gorro",
    "definition": "hat"
  }
},
{
  "model": "course.dictionaryitem",
  "pk": 52,
  "fields": {
    "course": 1,
    "reverse": true,
    "word": "hat",
    "definition": "gorro"
  }
},
{
  "model": "course.dictionaryitem",
  "pk": 53,
  "fields": {
    "course": 1,
    "reverse": false,
    "word": "zapatos",
    "definition": "shoes"
  }
},
{
  "model": "course.dictionaryitem",
  "pk": 54,
  "fields": {
    "course": 1,
    "reverse": true,
    "word": "shoes",
    "definition": "zapatos"
  }
},
{
  "model": "course.dictionaryitem",
  "pk": 55,
  "fields": {
    "course": 1,
    "reverse": false,
    "word": "camisa",
    "definition": "shirt"
  }
},
{
  "model": "course.dictionaryitem",
  "pk": 56,
  "fields": {
    "course": 1,
    "reverse": true,
    "word": "shirt",
    "definition": "camisa"
  }
},
{
  "model": "course.dictionaryitem",
  "pk": 57,
  "fields": {
    "course": 1,
    "reverse": false,
    "word": "falda",
    "definition": "skirt"
  }
},
{
  "model": "course.dictionaryitem",
  "pk": 58,
  "fields": {
    "course": 1,
    "reverse": true,
    "word": "skirt",
    "definition": "falda"
  }
},
{
  "model": "course.dictionaryitem",
  "pk": 59,
  "fields": {
    "course": 1,
    "reverse": false,
    "word": "calcetines",
    "definition": "socks"
  }
},
{
  "model": "course.dictionaryitem",
  "pk": 60,
  "fields": {
    "course": 1,
    "reverse": true,
    "word": "socks",
    "definition": "calcetines"
  }
},
{
  "model": "course.dictionaryitem",
  "pk": 61,
  "fields": {
    "course": 1,
    "reverse": false,
    "word": "cielo",
    "definition": "sky"
  }
},
{
  "model": "course.dictionaryitem",
  "pk": 62,
  "fields": {
    "course": 1,
    "reverse": true,
    "word": "sky",
    "definition": "cielo"
  }
},
{
  "model": "course.dictionaryitem",
  "pk": 63,
  "fields": {
    "course": 1,
    "reverse": false,
    "word": "r\u00edo",
    "definition": "river"
  }
},
{
  "model": "course.dictionaryitem",
  "pk": 64,
  "fields": {
    "course": 1,
    "reverse": true,
    "word": "river",
    "definition": "r\u00edo"
  }
},
{
  "model": "course.dictionaryitem",
  "pk": 65,
  "fields": {
    "course": 1,
    "reverse": false,
    "word": "sol",
    "definition": "sun"
  }
},
{
  "model": "course.dictionaryitem",
  "pk": 66,
  "fields": {
    "course": 1,
    "reverse": true,
    "word": "sun",
    "definition": "sol"
  }
},
{
  "model": "course.dictionaryitem",
  "pk": 67,
  "fields": {
    "course": 1,
    "reverse": false,
    "word": "mar",
    "definition": "sea"
  }
},
{
  "model": "course.dictionaryitem",
  "pk": 68,
  "fields": {
    "course": 1,
    "reverse": true,
    "word": "sea",
    "definition": "mar"
  }
},
{
  "model": "course.dictionaryitem",
  "pk": 69,
  "fields": {
    "course": 1,
    "reverse": false,
    "word": "monta\u00f1a",
    "definition": "mountain"
  }
},
{
  "model": "course.dictionaryitem",
  "pk": 70,
  "fields": {
    "course": 1,
    "reverse": true,
    "word": "mountain",
    "definition": "monta\u00f1a"
  }
},
{
  "model": "course.dictionaryitem",
  "pk": 71,
  "fields": {
    "course": 1,
    "reverse": false,
    "word": "lago",
    "definition": "lake"
  }
},
{
  "model": "course.dictionaryitem",
  "pk": 72,
  "fields": {
    "course": 1,
    "reverse": true,
    "word": "lake",
    "definition": "lago"
  }
},
{
  "model": "course.dictionaryitem",
  "pk": 73,
  "fields": {
    "course": 1,
    "reverse": false,
    "word": "playa",
    "definition": "beach"
  }
},
{
  "model": "course.dictionaryitem",
  "pk": 74,
  "fields": {
    "course": 1,
    "reverse": true,
    "word": "beach",
    "definition": "playa"
  }
},
{
  "model": "course.dictionaryitem",
  "pk": 75,
  "fields": {
    "course": 1,
    "reverse": false,
    "word": "perro",
    "definition": "dog"
  }
},
{
  "model": "course.dictionaryitem",
  "pk": 76,
  "fields": {
    "course": 1,
    "reverse": true,
    "word": "dog",
    "definition": "perro"
  }
},
{
  "model": "course.dictionaryitem",
  "pk": 77,
  "fields": {
    "course": 1,
    "reverse": false,
    "word": "gato",
    "definition": "cat"
  }
},
{
  "model": "course.dictionaryitem",
  "pk": 78,
  "fields": {
    "course": 1,
    "reverse": true,
    "word": "cat",
    "definition": "gato"
  }
},
{
  "model": "course.dictionaryitem",
  "pk": 79,
  "fields": {
    "course": 1,
    "reverse": false,
    "word": "oso",
    "definition": "bear"
  }
},
{
  "model": "course.dictionaryitem",
  "pk": 80,
  "fields": {
    "course": 1,
    "reverse": true,
    "word": "bear",
    "definition": "oso"
  }
},
{
  "model": "course.dictionaryitem",
  "pk": 81,
  "fields": {
    "course": 1,
    "reverse": false,
    "word": "Buen",
    "definition": ""
  }
},
{
  "model": "course.dictionaryitem",
  "pk": 82,
  "fields": {
    "course": 1,
    "reverse": false,
    "word": "provecho",
    "definition": ""
  }
},
{
  "model": "course.dictionaryitem",
  "pk": 83,
  "fields": {
    "course": 1,
    "reverse": true,
    "word": "Enjoy",
    "definition": ""
  }
},
{
  "model": "course.dictionaryitem",
  "pk": 84,
  "fields": {
    "course": 1,
    "reverse": true,
    "word": "your",
    "definition": ""
  }
},
{
  "model": "course.dictionaryitem",
  "pk": 85,
  "fields": {
    "course": 1,
    "reverse": true,
    "word": "meal",
    "definition": ""
  }
},
{
  "model": "course.dictionaryitem",
  "pk": 86,
  "fields": {
    "course": 1,
    "reverse": false,
    "word": "Por",
    "definition": ""
  }
},
{
  "model": "course.dictionaryitem",
  "pk": 87,
  "fields": {
    "course": 1,
    "reverse": false,
    "word": "favor",
    "definition": ""
  }
},
{
  "model": "course.dictionaryitem",
  "pk": 88,
  "fields": {
    "course": 1,
    "reverse": true,
    "word": "Please",
    "definition": ""
  }
},
{
  "model": "course.dictionaryitem",
  "pk": 89,
  "fields": {
    "course": 1,
    "reverse": false,
    "word": "Agua",
    "definition": ""
  }
},
{
  "model": "course.dictionaryitem",
  "pk": 90,
  "fields": {
    "course": 1,
    "reverse": true,
    "word": "Water",
    "definition": ""
  }
},
{
  "model": "course.dictionaryitem",
  "pk": 91,
  "fields": {
    "course": 1,
    "reverse": false,
    "word": "Me",
    "definition": ""
  }
},
{
  "model": "course.dictionaryitem",
  "pk": 92,
  "fields": {
    "course": 1,
    "reverse": false,
    "word": "gusta",
    "definition": ""
  }
},
{
  "model": "course.dictionaryitem",
  "pk": 93,
  "fields": {
    "course": 1,
    "reverse": true,
    "word": "I",
    "definition": ""
  }
},
{
  "model": "course.dictionaryitem",
  "pk": 94,
  "fields": {
    "course": 1,
    "reverse": true,
    "word": "like",
    "definition": ""
  }
},
{
  "model": "course.dictionaryitem",
  "pk": 95,
  "fields": {
    "course": 1,
    "reverse": true,
    "word": "it",
    "definition": ""
  }
},
{
  "model": "course.dictionaryitem",
  "pk": 96,
  "fields": {
    "course": 1,
    "reverse": false,
    "word": "Cu\u00e1nto",
    "definition": ""
  }
},
{
  "model": "course.dictionaryitem",
  "pk": 97,
  "fields": {
    "course": 1,
    "reverse": false,
    "word": "cuesta",
    "definition": ""
  }
},
{
  "model": "course.dictionaryitem",
  "pk": 98,
  "fields": {
    "course": 1,
    "reverse": true,
    "word": "How",
    "definition": ""
  }
},
{
  "model": "course.dictionaryitem",
  "pk": 99,
  "fields": {
    "course": 1,
    "reverse": true,
    "word": "much",
    "definition": ""
  }
},
{
  "model": "course.dictionaryitem",
  "pk": 100,
  "fields": {
    "course": 1,
    "reverse": true,
    "word": "is",
    "definition": ""
  }
},
{
  "model": "course.dictionaryitem",
  "pk": 101,
  "fields": {
    "course": 1,
    "reverse": false,
    "word": "Gracias",
    "definition": ""
  }
},
{
  "model": "course.dictionaryitem",
  "pk": 102,
  "fields": {
    "course": 1,
    "reverse": true,
    "word": "Thank",
    "definition": ""
  }
},
{
  "model": "course.dictionaryitem",
  "pk": 103,
  "fields": {
    "course": 1,
    "reverse": true,
    "word": "you",
    "definition": ""
  }
},
{
  "model": "course.dictionaryitem",
  "pk": 104,
  "fields": {
    "course": 1,
    "reverse": false,
    "word": "viaje",
    "definition": ""
  }
},
{
  "model": "course.dictionaryitem",
  "pk": 105,
  "fields": {
    "course": 1,
    "reverse": true,
    "word": "Have",
    "definition": ""
  }
},
{
  "model": "course.dictionaryitem",
  "pk": 106,
  "fields": {
    "course": 1,
    "reverse": true,
    "word": "a",
    "definition": ""
  }
},
{
  "model": "course.dictionaryitem",
  "pk": 107,
  "fields": {
    "course": 1,
    "reverse": true,
    "word": "good",
    "definition": ""
  }
},
{
  "model": "course.dictionaryitem",
  "pk": 108,
  "fields": {
    "course": 1,
    "reverse": true,
    "word": "trip",
    "definition": ""
  }
},
{
  "model": "course.dictionaryitem",
  "pk": 109,
  "fields": {
    "course": 1,
    "reverse": false,
    "word": "Vamos",
    "definition": ""
  }
},
{
  "model": "course.dictionaryitem",
  "pk": 110,
  "fields": {
    "course": 1,
    "reverse": false,
    "word": "a",
    "definition": ""
  }
},
{
  "model": "course.dictionaryitem",
  "pk": 111,
  "fields": {
    "course": 1,
    "reverse": false,
    "word": "la",
    "definition": ""
  }
},
{
  "model": "course.dictionaryitem",
  "pk": 112,
  "fields": {
    "course": 1,
    "reverse": true,
    "word": "Let's",
    "definition": ""
  }
},
{
  "model": "course.dictionaryitem",
  "pk": 113,
  "fields": {
    "course": 1,
    "reverse": true,
    "word": "go",
    "definition": ""
  }
},
{
  "model": "course.dictionaryitem",
  "pk": 114,
  "fields": {
    "course": 1,
    "reverse": true,
    "word": "to",
    "definition": ""
  }
},
{
  "model": "course.dictionaryitem",
  "pk": 115,
  "fields": {
    "course": 1,
    "reverse": true,
    "word": "the",
    "definition": ""
  }
},
{
  "model": "course.learnsentence",
  "pk": 1,
  "fields": {
    "skill": 1,
    "meaningInSourceLanguage": "Enjoy your meal",
    "formInTargetLanguage": "\u00a1Buen provecho!"
  }
},
{
  "model": "course.learnsentence",
  "pk": 2,
  "fields": {
    "skill": 1,
    "meaningInSourceLanguage": "Please",
    "formInTargetLanguage": "Por favor"
  }
},
{
  "model": "course.learnsentence",
  "pk": 3,
  "fields": {
    "skill": 1,
    "meaningInSourceLanguage": "Bread, please",
    "formInTargetLanguage": "Pan, por favor"
  }
},
{
  "model": "course.learnsentence",
  "pk": 4,
  "fields": {
    "skill": 1,
    "meaningInSourceLanguage": "Water, please",
    "formInTargetLanguage": "Agua, por favor"
  }
},
{
  "model": "course.learnsentence",
  "pk": 5,
  "fields": {
    "skill": 7,
    "meaningInSourceLanguage": "I like it!",
    "formInTargetLanguage": "\u00a1Me gusta!"
  }
},
{
  "model": "course.learnsentence",
  "pk": 6,
  "fields": {
    "skill": 7,
    "meaningInSourceLanguage": "How much is it?",
    "formInTargetLanguage": "\u00bfCu\u00e1nto cuesta?"
  }
},
{
  "model": "course.learnsentence",
  "pk": 7,
  "fields": {
    "skill": 7,
    "meaningInSourceLanguage": "Thank you",
    "formInTargetLanguage": "Gracias"
  }
},
{
  "model": "course.learnsentence",
  "pk": 8,
  "fields": {
    "skill": 8,
    "meaningInSourceLanguage": "Have a good trip!",
    "formInTargetLanguage": "\u00a1Buen viaje!"
  }
},
{
  "model": "course.learnsentence",
  "pk": 9,
  "fields": {
    "skill": 8,
    "meaningInSourceLanguage": "Let's go to the beach",
    "formInTargetLanguage": "Vamos a la playa"
  }
},
{
  "model": "course.course",
  "pk": 1,
  "fields": {
    "language_name": "Spanish",
    "source_language_name": "English",
    "target_language_code": "es",
    "special_characters": "\u00e1 \u00c1 \u00e9 \u00c9 \u00ed \u00cd \u00f3 \u00d3 \u00fa \u00da \u00fc \u00dc \u00f1 \u00d1 \u00bf \u00a1"
  }
},
{
  "model": "course.course",
  "pk": 2,
  "fields": {
    "language_name": "German",
    "source_language_name": "English",
    "target_language_code": "de",
    "special_characters": "\u00e4 \u00c4 \u00f6 \u00d6 \u00fc \u00dc \u00df \u1e9e"
  }
},
{
  "model": "course.module",
  "pk": 1,
  "fields": {
    "course": 1,
    "name": "Basics",
    "order": 1
  }
},
{
  "model": "course.module",
  "pk": 2,
  "fields": {
    "course": 2,
    "name": "Basics",
    "order": 1
  }
},
{
  "model": "course.skill",
  "pk": 1,
  "fields": {
    "module": 1,
    "name": "Food",
    "order": 2,
    "image1": "bread1",
    "image2": "milk2",
    "image3": "pasta3"
  }
},
{
  "model": "course.skill",
  "pk": 2,
  "fields": {
    "module": 1,
    "name": "Animals",
    "order": 1,
    "image1": "dog1",
    "image2": "lion3",
    "image3": "cat3"
  }
},
{
  "model": "course.skill",
  "pk": 3,
  "fields": {
    "module": 2,
    "name": "Clothes",
    "order": 1,
    "image1": "t-shirt2",
    "image2": "dress2",
    "image3": "trousers3"
  }
},
{
  "model": "course.skill",
  "pk": 4,
  "fields": {
    "module": 2,
    "name": "Fruits",
    "order": 2,
    "image1": "pineapple2",
    "image2": "banana1",
    "image3": "strawberry3"
  }
},
{
  "model": "course.skill",
  "pk": 5,
  "fields": {
    "module": 2,
    "name": "Nature",
    "order": 3,
    "image1": "sky2",
    "image2": "sun2",
    "image3": "rock2"
  }
},
{
  "model": "course.skill",
  "pk": 7,
  "fields": {
    "module": 1,
    "name": "Clothes",
    "order": 3,
    "image1": "dress2",
    "image2": "t-shirt1",
    "image3": "hat2"
  }
},
{
  "model": "course.skill",
  "pk": 8,
  "fields": {
    "module": 1,
    "name": "Nature",
    "order": 4,
    "image1": "sky1",
    "image2": "river2",
    "image3": "sun3"
  }
}
]
