[
{
  "model": "course.learnword",
  "pk": 1,
  "fields": {
    "skill": 2,
    "meaningInSourceLanguage": "dog",
    "formInTargetLanguage": "perro",
    "meaningInSourceLanguage2": "the dog",
    "formInTargetLanguage2": "el perro",
    "image1": "dog1",
    "image2": "dog2",
    "image3": "dog3"
  }
},
{
  "model": "course.learnword",
  "pk": 2,
  "fields": {
    "skill": 2,
    "meaningInSourceLanguage": "cat",
    "formInTargetLanguage": "gato",
    "meaningInSourceLanguage2": "the cat",
    "formInTargetLanguage2": "el gato",
    "image1": "cat1",
    "image2": "cat2",
    "image3": "cat3"
  }
},
{
  "model": "course.learnword",
  "pk": 3,
  "fields": {
    "skill": 2,
    "meaningInSourceLanguage": "bear",
    "formInTargetLanguage": "oso",
    "meaningInSourceLanguage2": "a bear",
    "formInTargetLanguage2": "un oso",
    "image1": "bear1",
    "image2": "bear2",
    "image3": "bear1"
  }
},
{
  "model": "course.learnword",
  "pk": 4,
  "fields": {
    "skill": 2,
    "meaningInSourceLanguage": "lion",
    "formInTargetLanguage": "le\u00f3n",
    "meaningInSourceLanguage2": "",
    "formInTargetLanguage2": "",
    "image1": "lion1",
    "image2": "lion2",
    "image3": "lion3"
  }
},
{
  "model": "course.learnword",
  "pk": 5,
  "fields": {
    "skill": 2,
    "meaningInSourceLanguage": "duck",
    "formInTargetLanguage": "pato",
    "meaningInSourceLanguage2": "",
    "formInTargetLanguage2": "",
    "image1": "duck2",
    "image2": "duck1",
    "image3": "duck3"
  }
},
{
  "model": "course.learnword",
  "pk": 11,
  "fields": {
    "skill": 1,
    "meaningInSourceLanguage": "bread",
    "formInTargetLanguage": "pan",
    "meaningInSourceLanguage2": "",
    "formInTargetLanguage2": "",
    "image1": "bread1",
    "image2": "bread2",
    "image3": "bread3"
  }
},
{
  "model": "course.learnword",
  "pk": 12,
  "fields": {
    "skill": 1,
    "meaningInSourceLanguage": "milk",
    "formInTargetLanguage": "leche",
    "meaningInSourceLanguage2": "",
    "formInTargetLanguage2": "",
    "image1": "milk1",
    "image2": "milk2",
    "image3": "milk3"
  }
},
{
  "model": "course.learnword",
  "pk": 13,
  "fields": {
    "skill": 1,
    "meaningInSourceLanguage": "pasta",
    "formInTargetLanguage": "pasta",
    "meaningInSourceLanguage2": "",
    "formInTargetLanguage2": "",
    "image1": "pasta1",
    "image2": "pasta2",
    "image3": "pasta3"
  }
},
{
  "model": "course.learnword",
  "pk": 14,
  "fields": {
    "skill": 1,
    "meaningInSourceLanguage": "couple",
    "formInTargetLanguage": "pareja",
    "meaningInSourceLanguage2": "",
    "formInTargetLanguage2": "",
    "image1": "couple1",
    "image2": "couple2",
    "image3": "couple3"
  }
},
{
  "model": "course.learnword",
  "pk": 15,
  "fields": {
    "skill": 2,
    "meaningInSourceLanguage": "horse",
    "formInTargetLanguage": "caballo",
    "meaningInSourceLanguage2": "",
    "formInTargetLanguage2": "",
    "image1": "horse1",
    "image2": "horse2",
    "image3": "horse3"
  }
},
{
  "model": "course.learnword",
  "pk": 19,
  "fields": {
    "skill": 3,
    "meaningInSourceLanguage": "The shirt",
    "formInTargetLanguage": "Das Hemd",
    "meaningInSourceLanguage2": "",
    "formInTargetLanguage2": "",
    "image1": "shirt1",
    "image2": "shirt2",
    "image3": "shirt3"
  }
},
{
  "model": "course.learnword",
  "pk": 20,
  "fields": {
    "skill": 3,
    "meaningInSourceLanguage": "The dress",
    "formInTargetLanguage": "Das Kleid",
    "meaningInSourceLanguage2": "",
    "formInTargetLanguage2": "",
    "image1": "dress1",
    "image2": "dress3",
    "image3": "dress2"
  }
},
{
  "model": "course.learnword",
  "pk": 21,
  "fields": {
    "skill": 3,
    "meaningInSourceLanguage": "The trousers",
    "formInTargetLanguage": "Die Hose",
    "meaningInSourceLanguage2": "",
    "formInTargetLanguage2": "",
    "image1": "trousers1",
    "image2": "trousers2",
    "image3": "trousers3"
  }
},
{
  "model": "course.learnword",
  "pk": 22,
  "fields": {
    "skill": 4,
    "meaningInSourceLanguage": "The pineapple",
    "formInTargetLanguage": "Die Ananas",
    "meaningInSourceLanguage2": "",
    "formInTargetLanguage2": "",
    "image1": "pineapple1",
    "image2": "pineapple2",
    "image3": "pineapple3"
  }
},
{
  "model": "course.learnword",
  "pk": 23,
  "fields": {
    "skill": 4,
    "meaningInSourceLanguage": "The banana",
    "formInTargetLanguage": "Die Banane",
    "meaningInSourceLanguage2": "",
    "formInTargetLanguage2": "",
    "image1": "banana1",
    "image2": "banana2",
    "image3": "banana3"
  }
},
{
  "model": "course.learnword",
  "pk": 24,
  "fields": {
    "skill": 4,
    "meaningInSourceLanguage": "The strawberry",
    "formInTargetLanguage": "Die Erdbeere",
    "meaningInSourceLanguage2": "",
    "formInTargetLanguage2": "",
    "image1": "strawberry1",
    "image2": "strawberry2",
    "image3": "strawberry3"
  }
},
{
  "model": "course.learnword",
  "pk": 25,
  "fields": {
    "skill": 5,
    "meaningInSourceLanguage": "The sky",
    "formInTargetLanguage": "Der Himmel",
    "meaningInSourceLanguage2": "",
    "formInTargetLanguage2": "",
    "image1": "sky1",
    "image2": "sky2",
    "image3": "sky3"
  }
},
{
  "model": "course.learnword",
  "pk": 26,
  "fields": {
    "skill": 5,
    "meaningInSourceLanguage": "The sun",
    "formInTargetLanguage": "Die Sonne",
    "meaningInSourceLanguage2": "",
    "formInTargetLanguage2": "",
    "image1": "sun1",
    "image2": "sun2",
    "image3": "sun3"
  }
},
{
  "model": "course.learnword",
  "pk": 27,
  "fields": {
    "skill": 5,
    "meaningInSourceLanguage": "The rock",
    "formInTargetLanguage": "Der Stein",
    "meaningInSourceLanguage2": "",
    "formInTargetLanguage2": "",
    "image1": "rock1",
    "image2": "rock2",
    "image3": "rock3"
  }
},
{
  "model": "course.learnword",
  "pk": 28,
  "fields": {
    "skill": 5,
    "meaningInSourceLanguage": "The river",
    "formInTargetLanguage": "Der Fluss",
    "meaningInSourceLanguage2": "",
    "formInTargetLanguage2": "",
    "image1": "river1",
    "image2": "river2",
    "image3": "river3"
  }
},
{
  "model": "course.learnword",
  "pk": 29,
  "fields": {
    "skill": 5,
    "meaningInSourceLanguage": "The sea",
    "formInTargetLanguage": "Das Meer",
    "meaningInSourceLanguage2": "",
    "formInTargetLanguage2": "",
    "image1": "sea1",
    "image2": "sea2",
    "image3": "sea3"
  }
},
{
  "model": "course.learnword",
  "pk": 30,
  "fields": {
    "skill": 5,
    "meaningInSourceLanguage": "The tree",
    "formInTargetLanguage": "Der Baum",
    "meaningInSourceLanguage2": "",
    "formInTargetLanguage2": "",
    "image1": "tree1",
    "image2": "tree2",
    "image3": "tree3"
  }
},
{
  "model": "course.learnword",
  "pk": 31,
  "fields": {
    "skill": 5,
    "meaningInSourceLanguage": "The mountain",
    "formInTargetLanguage": "Der Berg",
    "meaningInSourceLanguage2": "",
    "formInTargetLanguage2": "",
    "image1": "mountain1",
    "image2": "mountain2",
    "image3": "mountain3"
  }
},
{
  "model": "course.learnword",
  "pk": 32,
  "fields": {
    "skill": 5,
    "meaningInSourceLanguage": "The lake",
    "formInTargetLanguage": "Der See",
    "meaningInSourceLanguage2": "",
    "formInTargetLanguage2": "",
    "image1": "lake1",
    "image2": "lake2",
    "image3": "lake3"
  }
},
{
  "model": "course.learnword",
  "pk": 33,
  "fields": {
    "skill": 7,
    "meaningInSourceLanguage": "dress",
    "formInTargetLanguage": "vestido",
    "meaningInSourceLanguage2": "",
    "formInTargetLanguage2": "",
    "image1": "dress2",
    "image2": "dress3",
    "image3": "dress1"
  }
},
{
  "model": "course.learnword",
  "pk": 34,
  "fields": {
    "skill": 7,
    "meaningInSourceLanguage": "t-shirt",
    "formInTargetLanguage": "camiseta",
    "meaningInSourceLanguage2": "",
    "formInTargetLanguage2": "",
    "image1": "t-shirt1",
    "image2": "t-shirt3",
    "image3": "t-shirt2"
  }
},
{
  "model": "course.learnword",
  "pk": 35,
  "fields": {
    "skill": 7,
    "meaningInSourceLanguage": "hat",
    "formInTargetLanguage": "gorro",
    "meaningInSourceLanguage2": "",
    "formInTargetLanguage2": "",
    "image1": "hat1",
    "image2": "hat2",
    "image3": "hat3"
  }
},
{
  "model": "course.learnword",
  "pk": 36,
  "fields": {
    "skill": 7,
    "meaningInSourceLanguage": "shoes",
    "formInTargetLanguage": "zapatos",
    "meaningInSourceLanguage2": "",
    "formInTargetLanguage2": "",
    "image1": "shoes3",
    "image2": "shoes2",
    "image3": "shoes1"
  }
},
{
  "model": "course.learnword",
  "pk": 37,
  "fields": {
    "skill": 7,
    "meaningInSourceLanguage": "shirt",
    "formInTargetLanguage": "camisa",
    "meaningInSourceLanguage2": "",
    "formInTargetLanguage2": "",
    "image1": "shirt1",
    "image2": "shirt3",
    "image3": "shirt2"
  }
},
{
  "model": "course.learnword",
  "pk": 38,
  "fields": {
    "skill": 7,
    "meaningInSourceLanguage": "skirt",
    "formInTargetLanguage": "falda",
    "meaningInSourceLanguage2": "",
    "formInTargetLanguage2": "",
    "image1": "skirt1",
    "image2": "skirt2",
    "image3": "skirt3"
  }
},
{
  "model": "course.learnword",
  "pk": 39,
  "fields": {
    "skill": 7,
    "meaningInSourceLanguage": "socks",
    "formInTargetLanguage": "calcetines",
    "meaningInSourceLanguage2": "",
    "formInTargetLanguage2": "",
    "image1": "socks2",
    "image2": "socks1",
    "image3": "socks3"
  }
},
{
  "model": "course.learnword",
  "pk": 40,
  "fields": {
    "skill": 8,
    "meaningInSourceLanguage": "sky",
    "formInTargetLanguage": "cielo",
    "meaningInSourceLanguage2": "",
    "formInTargetLanguage2": "",
    "image1": "sky1",
    "image2": "sky2",
    "image3": "sky3"
  }
},
{
  "model": "course.learnword",
  "pk": 41,
  "fields": {
    "skill": 8,
    "meaningInSourceLanguage": "river",
    "formInTargetLanguage": "r\u00edo",
    "meaningInSourceLanguage2": "",
    "formInTargetLanguage2": "",
    "image1": "river1",
    "image2": "river2",
    "image3": "river3"
  }
},
{
  "model": "course.learnword",
  "pk": 42,
  "fields": {
    "skill": 8,
    "meaningInSourceLanguage": "sun",
    "formInTargetLanguage": "sol",
    "meaningInSourceLanguage2": "",
    "formInTargetLanguage2": "",
    "image1": "sun1",
    "image2": "sun2",
    "image3": "sun3"
  }
},
{
  "model": "course.learnword",
  "pk": 43,
  "fields": {
    "skill": 8,
    "meaningInSourceLanguage": "sea",
    "formInTargetLanguage": "mar",
    "meaningInSourceLanguage2": "",
    "formInTargetLanguage2": "",
    "image1": "sea1",
    "image2": "sea2",
    "image3": "sea3"
  }
},
{
  "model": "course.learnword",
  "pk": 44,
  "fields": {
    "skill": 8,
    "meaningInSourceLanguage": "mountain",
    "formInTargetLanguage": "monta\u00f1a",
    "meaningInSourceLanguage2": "",
    "formInTargetLanguage2": "",
    "image1": "mountain1",
    "image2": "mountain2",
    "image3": "mountain3"
  }
},
{
  "model": "course.learnword",
  "pk": 45,
  "fields": {
    "skill": 8,
    "meaningInSourceLanguage": "lake",
    "formInTargetLanguage": "lago",
    "meaningInSourceLanguage2": "",
    "formInTargetLanguage2": "",
    "image1": "lake1",
    "image2": "lake2",
    "image3": "lake3"
  }
},
{
  "model": "course.learnword",
  "pk": 46,
  "fields": {
    "skill": 8,
    "meaningInSourceLanguage": "beach",
    "formInTargetLanguage": "playa",
    "meaningInSourceLanguage2": "",
    "formInTargetLanguage2": "",
    "image1": "beach1",
    "image2": "beach2",
    "image3": "beach3"
  }
},
{
  "model": "course.learnsentence",
  "pk": 1,
  "fields": {
    "skill": 1,
    "meaningInSourceLanguage": "Enjoy your meal",
    "formInTargetLanguage": "\u00a1Buen provecho!"
  }
},
{
  "model": "course.learnsentence",
  "pk": 2,
  "fields": {
    "skill": 1,
    "meaningInSourceLanguage": "Please",
    "formInTargetLanguage": "Por favor"
  }
},
{
  "model": "course.learnsentence",
  "pk": 3,
  "fields": {
    "skill": 1,
    "meaningInSourceLanguage": "Bread, please",
    "formInTargetLanguage": "Pan, por favor"
  }
},
{
  "model": "course.learnsentence",
  "pk": 4,
  "fields": {
    "skill": 1,
    "meaningInSourceLanguage": "Water, please",
    "formInTargetLanguage": "Agua, por favor"
  }
},
{
  "model": "course.learnsentence",
  "pk": 5,
  "fields": {
    "skill": 7,
    "meaningInSourceLanguage": "I like it!",
    "formInTargetLanguage": "\u00a1Me gusta!"
  }
},
{
  "model": "course.learnsentence",
  "pk": 6,
  "fields": {
    "skill": 7,
    "meaningInSourceLanguage": "How much is it?",
    "formInTargetLanguage": "\u00bfCu\u00e1nto cuesta?"
  }
},
{
  "model": "course.learnsentence",
  "pk": 7,
  "fields": {
    "skill": 7,
    "meaningInSourceLanguage": "Thank you",
    "formInTargetLanguage": "Gracias"
  }
},
{
  "model": "course.learnsentence",
  "pk": 8,
  "fields": {
    "skill": 8,
    "meaningInSourceLanguage": "Have a good trip!",
    "formInTargetLanguage": "\u00a1Buen viaje!"
  }
},
{
  "model": "course.learnsentence",
  "pk": 9,
  "fields": {
    "skill": 8,
    "meaningInSourceLanguage": "Let's go to the beach",
    "formInTargetLanguage": "Vamos a la playa"
  }
},
{
  "model": "course.course",
  "pk": 1,
  "fields": {
    "language_name": "Spanish",
    "source_language_name": "English",
    "target_language_code": "es",
    "special_characters": "\u00e1 \u00c1 \u00e9 \u00c9 \u00ed \u00cd \u00f3 \u00d3 \u00fa \u00da \u00fc \u00dc \u00f1 \u00d1 \u00bf \u00a1"
  }
},
{
  "model": "course.course",
  "pk": 2,
  "fields": {
    "language_name": "German",
    "source_language_name": "English",
    "target_language_code": "de",
    "special_characters": "\u00e4 \u00c4 \u00f6 \u00d6 \u00fc \u00dc \u00df \u1e9e"
  }
},
{
  "model": "course.module",
  "pk": 1,
  "fields": {
    "course": 1,
    "name": "Basics",
    "order": 1
  }
},
{
  "model": "course.module",
  "pk": 2,
  "fields": {
    "course": 2,
    "name": "Basics",
    "order": 1
  }
},
{
  "model": "course.skill",
  "pk": 1,
  "fields": {
    "module": 1,
    "name": "Food",
    "order": 2,
    "image1": "bread1",
    "image2": "milk2",
    "image3": "pasta3"
  }
},
{
  "model": "course.skill",
  "pk": 2,
  "fields": {
    "module": 1,
    "name": "Animals",
    "order": 1,
    "image1": "dog1",
    "image2": "lion3",
    "image3": "cat3"
  }
},
{
  "model": "course.skill",
  "pk": 3,
  "fields": {
    "module": 2,
    "name": "Clothes",
    "order": 1,
    "image1": "t-shirt2",
    "image2": "dress2",
    "image3": "trousers3"
  }
},
{
  "model": "course.skill",
  "pk": 4,
  "fields": {
    "module": 2,
    "name": "Fruits",
    "order": 2,
    "image1": "pineapple2",
    "image2": "banana1",
    "image3": "strawberry3"
  }
},
{
  "model": "course.skill",
  "pk": 5,
  "fields": {
    "module": 2,
    "name": "Nature",
    "order": 3,
    "image1": "sky2",
    "image2": "sun2",
    "image3": "rock2"
  }
},
{
  "model": "course.skill",
  "pk": 7,
  "fields": {
    "module": 1,
    "name": "Clothes",
    "order": 3,
    "image1": "dress2",
    "image2": "t-shirt1",
    "image3": "hat2"
  }
},
{
  "model": "course.skill",
  "pk": 8,
  "fields": {
    "module": 1,
    "name": "Nature",
    "order": 4,
    "image1": "sky1",
    "image2": "river2",
    "image3": "sun3"
  }
}
]
